{
  "Dummy": {
    "best_params": {
      "strategy": "stratified"
    },
    "cv_score": 0.049690475419557546,
    "accuracy": 0.9068998695279756,
    "f1": 0.047224957600678456,
    "roc_auc": 0.5032225998405729,
    "pr_auc": 0.049690475419557546
  },
  "LogisticRegression": {
    "best_params": {
      "clf__C": 10.0
    },
    "cv_score": 0.49664144119015846,
    "accuracy": 0.9626499998132406,
    "f1": 0.40381037601885855,
    "roc_auc": 0.8225235133768677,
    "pr_auc": 0.49664144119015846
  },
  "DecisionTree": {
    "best_params": {
      "max_depth": null,
      "min_samples_leaf": 10
    },
    "cv_score": 0.48089552626616766,
    "accuracy": 0.9640998373123648,
    "f1": 0.551685045740448,
    "roc_auc": 0.7747584883274475,
    "pr_auc": 0.48089552626616766
  },
  "RandomForest": {
    "best_params": {
      "max_depth": null,
      "min_samples_leaf": 1,
      "n_estimators": 100
    },
    "cv_score": 0.7185935089334811,
    "accuracy": 0.968249974839992,
    "f1": 0.5257047137126903,
    "roc_auc": 0.8809562725687407,
    "pr_auc": 0.7185935089334811
  },
  "Boosting": {
    "best_params": {
      "learning_rate": 0.1,
      "max_depth": 3,
      "n_estimators": 100
    },
    "cv_score": 0.6753190430542211,
    "accuracy": 0.9709999348517423,
    "f1": 0.6102986438126576,
    "roc_auc": 0.8860514793837596,
    "pr_auc": 0.6753190430542211
  }
}