{
  "Dummy": {
    "best_params": {
      "strategy": "stratified"
    },
    "cv_score": 0.04951243970336065,
    "accuracy": 0.9083,
    "f1": 0.06421091078430304,
    "roc_auc": 0.5026891921788328,
    "pr_auc": 0.04951243970336065
  },
  "LogisticRegression": {
    "best_params": {
      "clf__C": 10.0
    },
    "cv_score": 0.49588500629659726,
    "accuracy": 0.96215,
    "f1": 0.3928733340543353,
    "roc_auc": 0.8200626652051888,
    "pr_auc": 0.49588500629659726
  },
  "DecisionTree": {
    "best_params": {
      "ccp_alpha": 0.0,
      "max_depth": null,
      "max_leaf_nodes": null,
      "min_impurity_decrease": 0.0,
      "min_samples_leaf": 10,
      "min_samples_split": 50
    },
    "cv_score": 0.5205332078152721,
    "accuracy": 0.966,
    "f1": 0.5584371302943383,
    "roc_auc": 0.7907404895334539,
    "pr_auc": 0.5205332078152721
  },
  "RandomForest": {
    "best_params": {
      "max_depth": null,
      "min_samples_leaf": 1,
      "n_estimators": 100
    },
    "cv_score": 0.7210509366689788,
    "accuracy": 0.9689499999999999,
    "f1": 0.5393673913760912,
    "roc_auc": 0.879552130814832,
    "pr_auc": 0.7210509366689788
  },
  "Boosting": {
    "best_params": {
      "learning_rate": 0.1,
      "max_depth": 3,
      "n_estimators": 100
    },
    "cv_score": 0.6789111384721613,
    "accuracy": 0.97165,
    "f1": 0.6203769642489154,
    "roc_auc": 0.887533382664096,
    "pr_auc": 0.6789111384721613
  }
}