feature,importance
f53,0.008560000000000012
f13,0.003980000000000006
f58,0.0035799999999999834
f47,0.003379999999999994
f54,0.002640000000000009
f25,0.0025800000000000046
f08,0.002180000000000004
f41,0.0017599999999999838
f04,0.0015800000000000037
f33,0.001419999999999999
