feature,importance
f54,0.008736000000000011
f47,0.005791999999999986
f25,0.005136000000000007
f13,0.004191999999999996
f58,0.004160000000000008
f38,0.003936000000000006
f53,0.003424000000000016
f08,0.002416000000000018
f15,0.0022720000000000075
f04,0.0021279999999999966
